Unnamed: 0.1,respuesta,sentiment
1540,super buena la atencion,['satisfacci√≥n general']
257,buenos precios y calidad en los productos.,['precios y ofertas']
2667,todo lo que necesites ,['no aplica']
2452,los precios muy  convenientes ,['precios y ofertas']
624,"tiene todo lo que una persona necesita,muy buenos precios ","['variedad de productos y talla', 'precios y ofertas']"
265,siempre tiene ofertas y tallas grande y ropa muy linda,"['variedad de productos y talla', 'precios y ofertas']"
1341,encuentro ofertas y productos de buena calidad,"['variedad de productos y talla', 'precios y ofertas']"
1593,activar el avanse xl,['no corresponde al negocio']
1299,"es amplia y expedito, solo que aun no me activan mi tarjeta ",['no corresponde al negocio']
247,por variedad de productos ..y precios conveniente!!,"['variedad de productos y talla', 'precios y ofertas']"
1317,algunos vendedores y los guardias hacen sentir muy incomodo dentro de la tienda.,['atenci√≥n y amabilidad del vendedor']
318,la recomiendo por sus cosas todo lo k tienen me gusta ,['variedad de productos y talla']
600,"la disponibilidad del trabajador, da la imprecion que se escondem","['atenci√≥n y amabilidad del vendedor', 'falta de personal']"
92,tienen la mejor calidad a un muy buen precio ,"['variedad de productos y talla', 'precios y ofertas']"
25,"calidad y buenos precios
","['variedad de productos y talla', 'precios y ofertas']"
1014,"mejorar la capacidad de las cajeras que deben solicitar apoyo por desconocimiento, lo que se traduce en tiempo de espera al cliente",['falta de personal']
2164,buena dispocion para adquirir un producto ,['atenci√≥n y amabilidad del vendedor']
925,"buena ropa..ofertas,. variedad y tallas","['variedad de productos y talla', 'precios y ofertas']"
2630,yo no compre nada ayer,['no aplica']
2273,me encantas sus ofertas ,['precios y ofertas']
976,prendas buenas  bellas y al alcance del bolsillo,"['precios y ofertas', 'variedad de productos y talla']"
2707,mucha variedad de productos .buen precio,['variedad de productos y talla']
1616,excelente calidad en la ropa,['variedad de productos y talla']
1292,por la variedad en sus productos y los descuentos por su tarjeta ,"['variedad de productos y talla', 'precios y ofertas']"
460,un poco mas la tencion en copiapo mui mala la atecion,['atenci√≥n y amabilidad del vendedor']
847,soy un cliente buebo y la visa no me la ebtregan,['no corresponde al negocio']
729,rapidez y buena atencion,['atenci√≥n y amabilidad del vendedor']
230,tiene tallas grande  pero falta variedad muy amontonado todo.,"['variedad de productos y talla', 'orden y limpieza']"
1651,encuentro lo que necesito,['variedad de productos y talla']
2227,la compra me gusto mycho,['satisfacci√≥n general']
91,por sus ofertas y buena calidad,"['variedad de productos y talla', 'precios y ofertas']"
759,exelente atencion del personal..polar punta arenas,['atenci√≥n y amabilidad del vendedor']
546,todo los productos con su precio y la atencion muy rapida ,"['atenci√≥n y amabilidad del vendedor', 'precios y ofertas']"
341,que se encuentre personal para ubicar el producto que uno necesita,['falta de personal']
1027,porque es bien atendido y tiene precios e  oferta ,"['precios y ofertas', 'atenci√≥n y amabilidad del vendedor']"
817,no hay vendedores para orientar a la gente sobre los productos ,['falta de personal']
1338,"buenos productos de vestuario, calzado y buenos precios.","['variedad de productos y talla', 'precios y ofertas']"
1618,me encanta la ropa,['variedad de productos y talla']
899,"variedad de precios, productos y personal que atiende cordialmente.","['variedad de productos y talla', 'precios y ofertas', 'atenci√≥n y amabilidad del vendedor']"
829,tienen mantas de polar a 2000 con la tarjeta,['no corresponde al negocio']
1185,por hay muchas ofertas y te a tienden bien ,"['precios y ofertas', 'atenci√≥n y amabilidad del vendedor']"
598,buenos productos y precios muy convenientes,"['precios y ofertas', 'variedad de productos y talla']"
449,me encanta la atencion de la tienda de san bernardo los vendedores son un amor ,['atenci√≥n y amabilidad del vendedor']
1442,buena atencion de su personal,['atenci√≥n y amabilidad del vendedor']
2167,yo no he comprado nada alla,['no corresponde al negocio']
1644,"es mi tienda preferida, ",['satisfacci√≥n general']
2450,las vendedoras son muy educadas,['atenci√≥n y amabilidad del vendedor']
64,excelente calidad y orecios,"['variedad de productos y talla', 'precios y ofertas']"
2364,tienen muy buenas ofertas,['precios y ofertas']
365,me gusta la atencn y la mercderia que tren  l vent al igual k sus ofertas,"['precios y ofertas', 'atenci√≥n y amabilidad del vendedor']"
636,hay variedad de precios y productos ,"['variedad de productos y talla', 'precios y ofertas']"
631,hasta el momento siempre encuentro lo que busco. me gustar√≠a que fuera menos complicado pedir un aumento de cupo en la tarjeta la polar o solicitar la visa la polar. ,"['variedad de productos y talla', 'otros']"
592,"tienen prendas grandes y chicas, ofertas, modelos y ordenadas.","['variedad de productos y talla', 'precios y ofertas']"
1443,"me queda cerca  .
",['satisfacci√≥n general']
499,"productos de buena calidad, a buen precio y siempre encuentras alguna oferta.","['precios y ofertas', 'variedad de productos y talla']"
262,"las ofertas el descuento la calidad de la prendas ropas de cama calzados estan 
 buenos ","['precios y ofertas', 'variedad de productos y talla']"
1096,"son unos sinverguezas con el pago de la mantenci√≥n y el seguro de desgravamen,, esto es en caso de ocupar la tarjeta. por ende no la ocupare nunca mas.",['no corresponde al negocio']
581,excelente servicio y tiempo de entrega ,"['satisfacci√≥n general', 'despacho y retiro']"
450,muy amable y claras indicaciones de compra ,"['atenci√≥n y amabilidad del vendedor', 'precios y ofertas']"
1726,que no hay que pagar mantencion de tarjeta,['no corresponde al negocio']
1566,precios al alcance del bolsillo,['precios y ofertas']
553,excelentes precios y orden,"['orden y limpieza', 'precios y ofertas']"
36,tuene muchas ofertas y productos de calidad.,['variedad de productos y talla']
2025,buenas ofertas en internet,['no corresponde al negocio']
2113,por lo general encuentro lo que necesito. ,['satisfacci√≥n general']
1262,muy buena atencion y excelente ofertas,"['atenci√≥n y amabilidad del vendedor', 'precios y ofertas']"
1246,tiene bariedades de ropas y la persona que atiende en cervicio cliente  tiene disponibilidad para atender eso  es bueno  ,"['atenci√≥n y amabilidad del vendedor', 'variedad de productos y talla']"
89,hay vestuario bonito y buenas ofertas. personal atento para atender. ,"['atenci√≥n y amabilidad del vendedor', 'variedad de productos y talla']"
1074,la calidad de sus productos y algunas cajeras ,"['atenci√≥n y amabilidad del vendedor', 'variedad de productos y talla']"
2661,"iper uper meta bueno
",['satisfacci√≥n general']
981,"que es  bueno bonito y barato. 
me gusta las cosas de la polar ","['satisfacci√≥n general', 'precios y ofertas']"
2003,"buen trato ,buen servicio ,rapides",['satisfacci√≥n general']
872,"horrible venden productos falsos, no responden correos una mierda la polar",['descontento general']
939,"no llego un producto y no nos avisaron para comprar otro. todos eran regalos y quedamos sin uno
","['descontento general', 'despacho y retiro']"
2702,es muy buena tienda,['satisfacci√≥n general']
1261,mi opinion es constructiva...fui a comprar una parrilla electrica y no habia quien me atendiera..habia tres trabajadores  y los tres hablando largamente por celular...tuve que ir a la caja..y pedirle a la cajera si por favor alguien me podia atender...me parece que esos trabajadores  no estan comprometidos con la empresa que les brinda trabajo...y no tienen el mas minimo interes en hacer el trabajo para el cual fueron contratados..y que es..vender..vender y vender. esto ocurrio ayer 2 de septiembre del 2022..en la seccion en donde venden hornos electricos y parrillas electricas..frente a colchones y camas celtec...finalmente costo' pero compre' la parrilla electrica con tapa.,['falta de personal']
1724,buenas ofertas pero mucho desorden ,['orden y limpieza']
1536,ofertas acorde para todo bolsillo.,['variedad de productos y talla']
1984,es accesible  al bolsillo ,['precios y ofertas']
792,"si. recomendaria , pues la atencion fue buena ,  cordial respondieron a tidas nuestras dudas, se respeta lo ofrecido , ya sea descuentos , etc.  muy conforme con la compra.","['atenci√≥n y amabilidad del vendedor', 'precios y ofertas']"
1122,por el orden de las cosas en la tienda,['orden y limpieza']
572,por los precios y encuentras de todo ,['precios y ofertas']
2559,tiene buen servicio al cliente ,['atenci√≥n y amabilidad del vendedor']
1706,que ahora estan mas bien portados siii,['otros']
2210,siempre consigo lo que busco,['satisfacci√≥n general']
1613,siempre encuentro lo que busco,['satisfacci√≥n general']
258,mucha variedad y buenos precios,"['variedad de productos y talla', 'precios y ofertas']"
1117,las  ofertas y los  buenos precios  y el no cobro  del transporte en algunos productos.,"['atenci√≥n y amabilidad del vendedor', 'precios y ofertas']"
291,"correo  no corresponde . fijarse bien 
no soy clienta polar y me llegan correos",['otros']
1313,"siempre encuentro lo que busco y precios de oferta, muchas gracias por sus ofertas y a su personal que atiende en la tienda.","['precios y ofertas', 'variedad de productos y talla', 'atenci√≥n y amabilidad del vendedor']"
1129,por la variedad de productos y la buena atencion ,"['variedad de productos y talla', 'atenci√≥n y amabilidad del vendedor']"
2400,tener personal nadie te atiende,['falta de personal']
1002,"rapidez, confianza y transparencia",['satisfacci√≥n general']
2619,alternativa de comprar en una cuota ,['no corresponde al negocio']
606,siempre encuentro lo que necesito y a buen precio. ,['precios y ofertas']
2263,tiene  todo lo que uno busca,['satisfacci√≥n general']
314,rapides y tienen todo lo que uno busca ,['variedad de productos y talla']
548,hay variedad de ropa y muchas ofertas,"['variedad de productos y talla', 'precios y ofertas']"
991,"compre un plumon llegue a casa me di cuenta que no retiraron la alarma . no ire a la tienda para que lo saquen , es una lata ",['otros']
745,"hacer las entregas en la fecha prometida, notificar si no pueden hacer el despacho.  tienen cero empatia con el cliente ","['atenci√≥n y amabilidad del vendedor', 'despacho y retiro']"
597,muy buenas ofertas y calidad de productos,"['variedad de productos y talla', 'precios y ofertas']"
924,tiene variedad de productos y buenos precios ,"['variedad de productos y talla', 'precios y ofertas']"
866,buen precio y calidad,"['precios y ofertas', 'variedad de productos y talla']"
1356,"hay ofertas buenas, variedad de tallas sobre todo tallas grandes y ropa bonita ","['variedad de productos y talla', 'precios y ofertas']"
1869,porque tienes buenas ofertas en la tienda ,['precios y ofertas']
851,el orden de las cosas‚Ä¶ todo muy disperso y desordenado..,['orden y limpieza']
667,excelente ambiente y trato,['atenci√≥n y amabilidad del vendedor']
1735,solo porque se encuentra con excelentes ofertas ,['precios y ofertas']
1345,buena variedad y buenas ofertas,"['variedad de productos y talla', 'precios y ofertas']"
1399,menor tiempo en retiro en tiendas,['falta de personal']
687,ropa de excelente calidad y buenos precios.,"['variedad de productos y talla', 'precios y ofertas']"
819,me gustan sus productos textiles! es especial los plumones y sabanas! excelente calidad! ademas la caja atencion en la caja fue muy rapida!,"['variedad de productos y talla', 'atenci√≥n y amabilidad del vendedor']"
541,encuentro cosas de mi agrado muy economicas y acorde a mi bolsillo,"['variedad de productos y talla', 'precios y ofertas']"
1168,buenos productos..... pero el personal muy poco comprometido con el trabajo,"['atenci√≥n y amabilidad del vendedor', 'variedad de productos y talla']"
930,"tiene variedad en productos, de buena.calidad",['variedad de productos y talla']
1527,siempre encuentro lo que busco ,['satisfacci√≥n general']
436,los productos son buenos y la atencion es excelente tambien,"['atenci√≥n y amabilidad del vendedor', 'variedad de productos y talla']"
206,muy buen precio y muy buena atencion,"['atenci√≥n y amabilidad del vendedor', 'precios y ofertas']"
202,previos convenientes y agradable atencion,"['atenci√≥n y amabilidad del vendedor', 'precios y ofertas']"
1056,productos eran lo publicado y llegaron en 24 horas a mi domicilio,"['satisfacci√≥n general', 'despacho y retiro']"
2726,poder probarce la ropa. es muy necesario ,['otros']
894,ponga vestuarios de buena calidad y tallajes reales,['variedad de productos y talla']
1749,la gran cantidad de ofertas en los productos ,['precios y ofertas']
2576,muy buena atencion...cajasde calzado muy rapidas,['atenci√≥n y amabilidad del vendedor']
489,"por la vuena boluntad, disposicion y gentileza",['atenci√≥n y amabilidad del vendedor']
1219,muy mala atencion de la joven que me atendio ella queria imponer su voluntad y no la mia obligando a tomar un seguro  por la compra y le dije que no ,"['atenci√≥n y amabilidad del vendedor', 'no corresponde al negocio']"
1581, tiene buenas ofertas siempre ,['precios y ofertas']
525,hay variedad y buena calidad en los productos ,['variedad de productos y talla']
934,buenos precios y mucha variedad. ,"['variedad de productos y talla', 'precios y ofertas']"
302,me encanta comprar en la polar lo q no me gusta q te meten seguros,"['satisfacci√≥n general', 'otros']"
352,buenos productos y ofertas,"['precios y ofertas', 'variedad de productos y talla']"
884,rapidez y eficacia üëç,['satisfacci√≥n general']
1309,tiene de todo a buenos precios y creditos,['precios y ofertas']
681,el precio de los productos y la calidad muy buena ,"['precios y ofertas', 'variedad de productos y talla']"
955,la ropa es muy linda y buenos precios ,"['precios y ofertas', 'variedad de productos y talla']"
2555,la amabilidad del personal de la tienda ,['atenci√≥n y amabilidad del vendedor']
668,no se si fue suerte pero la atencion fue buena ademas iba por un cambio de tarjeta y mi atencion fue buenisima solo un detalle al momento de cancelar una cajera muy gritona pase pase y cada vez gritaba mucho eso hay q solucionar polar de 15 norte muchas gracias,['atenci√≥n y amabilidad del vendedor']
906,es una tienda que tiene todo lo necesario para mi familia y hogar y los beneficios de descuento con la tarjeta son muy buenos ,"['variedad de productos y talla', 'precios y ofertas']"
1018,los precios y lo variado de productos,"['variedad de productos y talla', 'precios y ofertas']"
478,"buenas ofertas y buenos productos.
exelente atencion.","['atenci√≥n y amabilidad del vendedor', 'precios y ofertas', 'variedad de productos y talla']"
978,atencion y mas economico,"['atenci√≥n y amabilidad del vendedor', 'precios y ofertas']"
164,rapidez y buenas ofertas ,"['satisfacci√≥n general', 'precios y ofertas']"
645,no recomiendo la polar  porq cobran cosas que no e comprado,['otros']
787,buenas ofertas y la atencion fue muy cordial,"['atenci√≥n y amabilidad del vendedor', 'precios y ofertas']"
1457,contenta con la compra ,['satisfacci√≥n general']
915,la variedad de alternativas de calidad y precios.,"['variedad de productos y talla', 'precios y ofertas']"
2490,porque siempre encuentro lo que busco ,['variedad de productos y talla']
1587,las ofertas q tienen,['precios y ofertas']
176,son puntuales en las entregas y amables ,"['atenci√≥n y amabilidad del vendedor', 'despacho y retiro']"
2115,buenas oferta precio calidad ,['precios y ofertas']
177,diversidad de marcas y muchas ofertas ,"['variedad de productos y talla', 'precios y ofertas']"
2614,mas personal en las tiendas.,['falta de personal']
889,por sus descuentos... y variedad de productos ,"['variedad de productos y talla', 'precios y ofertas']"
238,"tienen tallas grandes y ropa linda, para las que tenemos un poco mas de peso",['variedad de productos y talla']
196,"las ofertas y los descuento
muy buena atencion","['precios y ofertas', 'atenci√≥n y amabilidad del vendedor']"
935,variedad de productos y precios relativamente no tan altos ,"['variedad de productos y talla', 'precios y ofertas']"
259,la ropa es bonita y buenos precios. ,"['variedad de productos y talla', 'precios y ofertas']"
2647,"no se, no lo he utilizado",['no aplica']
362,"es una tienda que ofrece variados productos, buenos precios y muy buenas ofertas.","['precios y ofertas', 'variedad de productos y talla']"
1133," tienda muy desordenada , se nota abandono y falta de personal que asesore o este atento a consultas, tambien falta de cajas recudadoras .","['falta de personal', 'orden y limpieza']"
518,q no sea tan algo el uso de la tarjeta ,['no corresponde al negocio']
513,la ropa de mujer es muy hermosa y variada,['variedad de productos y talla']
885,bueno bonito y barato ,"['precios y ofertas', 'variedad de productos y talla']"
407,"es muy variado en productos. precios razonables. atencion rapida


","['variedad de productos y talla', 'precios y ofertas']"
948,buena calidad y precio.,"['precios y ofertas', 'variedad de productos y talla']"
2511,tienen ropa de marca en oferta ,['variedad de productos y talla']
21,hay buena ropa y buenas ofertas ,"['precios y ofertas', 'variedad de productos y talla']"
1870,las ofertas excelentes en los momentos precios ,['precios y ofertas']
807,"tienen ofertas que al ser cliente mejoran la oferta y eso es muy gratificante.
saludos ",['precios y ofertas']
677,sus precios y excelentes productos ,"['precios y ofertas', 'variedad de productos y talla']"
904,"los precios mas accesibles, la variedad y tallas.","['variedad de productos y talla', 'precios y ofertas']"
642,que es muy buena tienda y yo recomiendo a todas mis amigas que vayan a la tienda la polar,['satisfacci√≥n general']
1286,buenas tardes tener en orden los productos no tan apretadas las prendas personal que te pueda alluda con los productos,['orden y limpieza']
2099,tiene muchas variables productos ,['variedad de productos y talla']
619,"la verdad era segundo dia que iba , muy poco personal para atender , tuve que esperar mas de 15 minutos a que el vendedor nos atendiera",['falta de personal']
632,por la variedad y los precios,"['variedad de productos y talla', 'precios y ofertas']"
824,"que no esten cerradas las nayoria de las cajas en horas de 14 o alas 15h,ya que es mas comido menos gente,pero muchas cajas cerradas",['falta de personal']
54,ropa bonita y barsta,"['variedad de productos y talla', 'precios y ofertas']"
1060,la cajera muy amable y atenta,['atenci√≥n y amabilidad del vendedor']
816,"buenos productos, ofertas en general el personal atiende bien","['precios y ofertas', 'variedad de productos y talla']"
147,muy buenas ofertas y atencion personalizada,"['atenci√≥n y amabilidad del vendedor', 'precios y ofertas']"
700,deseo un cupo mayor cumplo las fechas de pago es poco 195.000,['no corresponde al negocio']
1012,"por las ofertas y calidad de los productos
","['precios y ofertas', 'variedad de productos y talla']"
361,ropa bonita y buenas ofertas,"['precios y ofertas', 'variedad de productos y talla']"
2514,hay de todo buen surtido,['variedad de productos y talla']
980,tiene buena variedad de productos de marca y buenos descuentos !!,"['variedad de productos y talla', 'precios y ofertas']"
561,atentos.buenas iofertas. muy bueno local de ahumsda.,"['atenci√≥n y amabilidad del vendedor', 'precios y ofertas']"
1283,mas petsonal en cajas.    hay que recorrer toda l a tienda para poder pagar,['falta de personal']
1114,buemos precios y  atencion,"['atenci√≥n y amabilidad del vendedor', 'precios y ofertas']"
2188,"buenos productos ,valores accesibles, buenas marcas",['variedad de productos y talla']
2690,la rapidez de las cajas ,['satisfacci√≥n general']
2081,preocuparse por sus clientes,['otros']
1727,viajar el precio de mantencion de tarjeta ,['no corresponde al negocio']
217,bueno  mis razones  que  que  cumple  con l entrega  y no se demora ,"['atenci√≥n y amabilidad del vendedor', 'despacho y retiro']"
1947,precios personal no hay gente que atienda,['falta de personal']
1989,si eres buena paga te recomiendo ,['otros']
1652,encuentro lo que busco,['variedad de productos y talla']
184,las buenas ofertas y productos que ofrecen.,['precios y ofertas']
330,lo que pasa es que no es primera vez que me sucede de que las vendedoras ponen seguro sin avisar y ayer solicite sin ,['no corresponde al negocio']
1351,tiene ropa muy variada y muy buenos precios ,"['variedad de productos y talla', 'precios y ofertas']"
2155,excelente solo falto tener la tarjeta,['satisfacci√≥n general']
1948,me atendieron muy bien,['atenci√≥n y amabilidad del vendedor']
871,"por que hay muchas cosas de las cuales puede comprar con referencia a las tallas 
y hay de todos los gustos.","['satisfacci√≥n general', 'variedad de productos y talla']"
2694,"hasta el momento nada que recomendar
",['no aplica']
1867,"tiene buenos precios ,la atencion buena",['atenci√≥n y amabilidad del vendedor']
1211,"buenos precios y una buena atencion, cordiales y muy amables","['atenci√≥n y amabilidad del vendedor', 'precios y ofertas']"
1977,las ofertas son muy buenas,['precios y ofertas']
2447,hay de todo ymuy buenos precios ,['precios y ofertas']
402,tiene precios .modicos ..ofertas descuebtos etc,['precios y ofertas']
225,ya realice una vez la intranquilidad que tengo en contra de la tienda y esto no cambio,['descontento general']
1130,la variedad de productos y buenas ofertas ,"['variedad de productos y talla', 'precios y ofertas']"
313,buenos precios y buenos productos ,"['precios y ofertas', 'variedad de productos y talla']"
1085,buen servicio y calidad,"['satisfacci√≥n general', 'variedad de productos y talla']"
1931,pocas cajas para pagar,['falta de personal']
586,buenos productos y precios,"['precios y ofertas', 'variedad de productos y talla']"
535,buenas ofertas y buena atemcion,"['precios y ofertas', 'atenci√≥n y amabilidad del vendedor']"
1728,buena disposicion a la hora de la compra,['atenci√≥n y amabilidad del vendedor']
2109,los vendedores son exelentes,['atenci√≥n y amabilidad del vendedor']
1297,no he tenido problemaa en mis compras x internet,['no corresponde al negocio']
322,buenos precios y buena gama de productos.,"['precios y ofertas', 'variedad de productos y talla']"
641,buenas ofertas y calidad ,"['precios y ofertas', 'variedad de productos y talla']"
2698,no he comprado online,['no aplica']
2131,por las tallas ... hay variedad,['variedad de productos y talla']
1732,por la cantidad de productos.,['variedad de productos y talla']
290,"buenas ofertas, todo limpio y ordenado ","['precios y ofertas', 'orden y limpieza']"
1178,precios y marcas disponibles,"['precios y ofertas', 'variedad de productos y talla']"
1006,por muchas ofertas y opciones de marcas ,"['precios y ofertas', 'variedad de productos y talla']"
2034,lo expedito que es para comprar ,['satisfacci√≥n general']
1346,"buena calidad de la ropa ,buenas ofertas vendedores amables ,me siento bien comprando en sucursal curico ","['variedad de productos y talla', 'precios y ofertas']"
1350,variedad de productos marcas y buenos precios,"['variedad de productos y talla', 'precios y ofertas']"
511,buenas ofertas y la entrega de productos en la fecha acordada.,"['despacho y retiro', 'precios y ofertas']"
2387,las ofertas son muy buenas. ,['precios y ofertas']
2140, tratan de dar rapidamente una buena atencion ,['atenci√≥n y amabilidad del vendedor']
185,muy buena atencion de la ejecutiva de sucursal quilin ,['atenci√≥n y amabilidad del vendedor']
879,ofrece buenos productos a buen nivel con precios muy buenos y tan competitivos como otras tiendas comerciales...,"['variedad de productos y talla', 'precios y ofertas']"
2067,todo estubo muy expedito,['satisfacci√≥n general']
1078,por calidad y precio ,"['precios y ofertas', 'variedad de productos y talla']"
1045,"tener los productos en todas las tiendas ,ya que queria comprar una afeitadora y en la polar de gran avenida me dijeron que no tenian que se habian acabado en junio dia del padre...hace dos meses atras....tuve que ir a otra tienda a comprar ,lo que obviamente significa perdida de tiempo y dinero y varias veces a pasado que no encuentro productos que si estan  en la tienda del mall",['variedad de productos y talla']
533,excelentes productos y precios accesibles ,"['variedad de productos y talla', 'precios y ofertas']"
891,buena calidad de productos y precios ,"['variedad de productos y talla', 'precios y ofertas']"
412,tiene buenos productos para mi hijo y buenas ofertas.,"['precios y ofertas', 'variedad de productos y talla']"
1163,"tienen buenos descuentos, el personal atiende muy bien ","['atenci√≥n y amabilidad del vendedor', 'precios y ofertas']"
80,"vendedores, muy pocos y los que hay son poco atentos","['atenci√≥n y amabilidad del vendedor', 'falta de personal']"
2250,"ordenado, con buenas ofertas",['orden y limpieza']
109,me encanta los descuentos al pagar con tarjeta la polar ,"['no corresponde al negocio', 'precios y ofertas']"
864,las ofertas y promociones son conveniente para sus clientes ,['precios y ofertas']
1730,las cajas de pago siempre estan expeditas,['atenci√≥n y amabilidad del vendedor']
568,nunca he tenido problemas en tienda y online,['satisfacci√≥n general']
1177,por variedad y ofertas ,"['variedad de productos y talla', 'precios y ofertas']"
801,buena oferta y muy buena atencion en caja,"['atenci√≥n y amabilidad del vendedor', 'precios y ofertas']"
1067,hay de todo y buenas marcas de ropa,['variedad de productos y talla']
2504,sin problemas para comprar ,['satisfacci√≥n general']
57,"buenas noche 
los pedidos por internet son muy buenas ya que te llaman a uno personalmente si somos la clienta correcta ,para evitar fraudes ",['no corresponde al negocio']
1276,"en estos momentos es por las ofertas que encontr√©, buenos precios",['precios y ofertas']
815,son amables y tienen buenas ofertas,"['precios y ofertas', 'atenci√≥n y amabilidad del vendedor']"
697,cuando necesite solucionar el problema con la tarjeta se hizo al tiro y rapido,['atenci√≥n y amabilidad del vendedor']
844,"lamentablemente casi toda las oferta son con pago con tarjeta polar, por mi parte no quiero usar mas la tarjeta. he comprado en una cuota, pagando enseguida el monto... y luego me encuentro con cobros por uso de tarjeta, y estos cobros son muy altos. en el retail en general, compro en una cuota, pago inmediatamente y no me generan cobros adicionales. ",['no corresponde al negocio']
2283,"muy buenos precios, excelente atencion",['atenci√≥n y amabilidad del vendedor']
933,"tiene excelentes ofertas y muy buena calidad,  prendas hermosas","['variedad de productos y talla', 'precios y ofertas']"
1054,buenas ofertas y precios convenientes,['precios y ofertas']
691,tienen buenos productos y buenos precios ,"['precios y ofertas', 'variedad de productos y talla']"
149,"siempre encuentro lo que busco, buenos precios y ofertas",['precios y ofertas']
595,siempre he tenido buena experiencia en las compras que he realizado ,['satisfacci√≥n general']
39,forma de trabajar con las tarjetas pero solo se necesita un fono de atencion clientes para saber como saber o obtener clave de su tarjeta o solucionar problemas ,"['atenci√≥n y amabilidad del vendedor', 'no corresponde al negocio']"
2487,super bien atendidos gracias,['satisfacci√≥n general']
1663,me reactivarse my cuenta. ,['no corresponde al negocio']
1039,buenos precio y buena atencion,"['atenci√≥n y amabilidad del vendedor', 'precios y ofertas']"
893,"los precios bajos, la variedad y la calidad de los productos","['variedad de productos y talla', 'precios y ofertas']"
725,muy buena atencion y los productos de marca muy economicos,"['atenci√≥n y amabilidad del vendedor', 'precios y ofertas']"
1141, la variedad los precios la buena calidad y su gente muy amable,"['precios y ofertas', 'variedad de productos y talla']"
796,"por  su  excelencia  en  sus  productos
y   la  atencion  en  general","['atenci√≥n y amabilidad del vendedor', 'variedad de productos y talla']"
544,encuentro lo q busco y talla...pero lo fome q se demoran en subir el cupo ,"['variedad de productos y talla', 'otros']"
2183,buenas ofertas...me las mandaron al mail.,['precios y ofertas']
213,siempre tiene muy buenas ofertas y muy bonita ropa y de calidad ,"['variedad de productos y talla', 'precios y ofertas']"
671,variadad en los productos y buena atencion,"['atenci√≥n y amabilidad del vendedor', 'variedad de productos y talla']"
205,"muy buenas ofertas , y el personal que atiende te trata muy bien y tienen mucha pasiencia ","['precios y ofertas', 'atenci√≥n y amabilidad del vendedor']"
1098,el orden y rapidez en la caja ,"['falta de personal', 'orden y limpieza']"
656,buenas ofertas y vendedores amables ,"['precios y ofertas', 'atenci√≥n y amabilidad del vendedor']"
321,buenas marcas y todas las tallas ,['variedad de productos y talla']
2143,"siemprer  hay  muy buenas ofertas ,buenos precios",['precios y ofertas']
1452,me gusta porque siempre hay ofertas ,['precios y ofertas']
1632,lo que busco lo encuentro en la polar,['variedad de productos y talla']
810,buenas ofertas y productos ,"['precios y ofertas', 'variedad de productos y talla']"
1318,me gusta su ropa ..siempre estan a la moda para distintas edades y todos los gustos en particular.....siempre encuentro lo que busco..ademas  buena atencion ...si revomiendo la polar .gracias,"['variedad de productos y talla', 'atenci√≥n y amabilidad del vendedor']"
299,me gusta mucho las tienda pues traen cosas bonitas y buenas,['variedad de productos y talla']
1773,dejar de ser tan sinverg√ºenzas ,['otros']
1223,"las ofertas en los productos , ademas la atencion amable","['atenci√≥n y amabilidad del vendedor', 'precios y ofertas']"
243,todo precio y variedad.,"['variedad de productos y talla', 'precios y ofertas']"
1248,ofertas y amabilidad cajero,"['atenci√≥n y amabilidad del vendedor', 'precios y ofertas']"
780,q uno encuentra lo q busca  y las personas q atienden son muy amable des los guardias en adelante  ,['atenci√≥n y amabilidad del vendedor']
2553,la atencion de las personas solo eso ,['atenci√≥n y amabilidad del vendedor']
832,me gusta pagar sin tarjeta. hay artas ofertas pero le flata stock de algunas cosas.,"['variedad de productos y talla', 'precios y ofertas']"
731,"lo hice de forma presencial. hay mucha variedad de articulos, buena informacion grafica, buena asistencia de vendedoras. en resuman fui bien atendido y rapido. ","['atenci√≥n y amabilidad del vendedor', 'precios y ofertas']"
477,rapida atencion en punta arenas hace falta mas diversificacion de productos ,"['variedad de productos y talla', 'atenci√≥n y amabilidad del vendedor']"
1150,excelente atencion y buenos precios,"['atenci√≥n y amabilidad del vendedor', 'precios y ofertas']"
268,"me encanta la calidad de la ropa que traen , la marca icono muy buen pero en general tienen un buen stock y estilo , y los precios muy convenientes ","['variedad de productos y talla', 'precios y ofertas']"
714,en ese momento me atendieron bien y rapido,['atenci√≥n y amabilidad del vendedor']
1349,es mas economico y gran variedad de productos,"['variedad de productos y talla', 'precios y ofertas']"
263,"productos de buena calidad, muy buenas ofertas y vestuario de muy buen gusto","['variedad de productos y talla', 'precios y ofertas']"
1287,bueno soy una cluente antigua y siempre tengo respuesta a mis necesidades me encanta atienden bien. siempre encuentro lo que busco y nunca es estresante realizar el pago,['satisfacci√≥n general']
1319,"siempre han solucionado los problemas que se me han presentado, sin expeditos, personalmente no tengo nada negativo para esa empresa.",['satisfacci√≥n general']
2090,tenian lo que andaba buscando,['satisfacci√≥n general']
2238,siempre encuentro lo que necesito ,['satisfacci√≥n general']
1413,la atencion muy buena,['atenci√≥n y amabilidad del vendedor']
1585,las ofertas la variedad de productos,['variedad de productos y talla']
2137,la variedad de tallas,['variedad de productos y talla']
2399,la espera en caja,['falta de personal']
836,las filas muy largas para pagar habiendo  solo dos personas atendiendo ,['falta de personal']
1115,gran variedad y precios accesibles (ofertas),"['variedad de productos y talla', 'precios y ofertas']"
900,ropa de buena calidad y a bajo precio me encanta en estos tiempos y siempre voy primero a la polar para ver las promociones ,"['variedad de productos y talla', 'precios y ofertas']"
1075,"buena atencion y tiene lo que me agrada en cuanto avestuario
porque es dificil encontrar para mi y ahi lo encuentro super ","['atenci√≥n y amabilidad del vendedor', 'variedad de productos y talla']"
1013,"compra rapida, y retiro en tienda muy agil",['satisfacci√≥n general']
2028,aumentar cupo de tarjeta ,['no corresponde al negocio']
127,"la polar, tiene variedad de productos a buen precio y buena calidad.","['variedad de productos y talla', 'precios y ofertas']"
1990, tienen muchas variedades de productos es muy bueno ,['variedad de productos y talla']
2242,no he ocupado ese sistema ,['no corresponde al negocio']
133,"ofertas, varuedasy y siempre hay tallas disponibles","['precios y ofertas', 'variedad de productos y talla']"
2715,me gustas la ropa de la polar,['variedad de productos y talla']
898,tiene ofertas muy buenas y ropa de buena calidad.,"['precios y ofertas', 'variedad de productos y talla']"
560,ofertas y productos al alcance de todos los bolsillos. ,['precios y ofertas']
1092,muy buenos productos. mucha variedad en seccion deporte.,['variedad de productos y talla']
1560,variedad en los productos ,['variedad de productos y talla']
583,"es una empresa seria y transparente. 
",['satisfacci√≥n general']
929,en  lo que se refiere  a ropa iene para todas las edades y tallas,['variedad de productos y talla']
776,....los precios y la calidad..y la atencion al cliente,"['atenci√≥n y amabilidad del vendedor', 'precios y ofertas']"
661,tiene buenos productos y al alcanse de los bolsillo ,"['precios y ofertas', 'variedad de productos y talla']"
1173,tiene variedad y buenas ofertas!!,"['variedad de productos y talla', 'precios y ofertas']"
2494,todo a llegado ok ,['no corresponde al negocio']
913,"buena accesibilidad, valores convenientes, diversidad de prendas","['variedad de productos y talla', 'precios y ofertas']"
808,buenas marcas y ofertas muy bienas.,"['precios y ofertas', 'variedad de productos y talla']"
2583,por las ofertas que uno encuentra,['precios y ofertas']
2179,cajeras son muy lentas,['atenci√≥n y amabilidad del vendedor']
543,"ƒ∫as ofertas 
y los descuentos k entregan una vez cancelada la cuota mensual. para volver a comprar.","['no corresponde al negocio', 'precios y ofertas']"
1991,"ordenada la tienda me gustaaa
",['orden y limpieza']
2202,muchas razones son amables ,['satisfacci√≥n general']
637,me siento muy satisfecha por todo lo que entregan‚Ä¶,['satisfacci√≥n general']
401,buen precio excelente servicio y calidad ,"['atenci√≥n y amabilidad del vendedor', 'precios y ofertas']"
1489,"encuentro lo que quiero, tienen diferentes productos....",['satisfacci√≥n general']
954,ropa buena bonita y barata,"['precios y ofertas', 'variedad de productos y talla']"
946,por uqe tanto omprar en tienda fisica y online es buena,['satisfacci√≥n general']
214,"lo que compro personalmente no tengo problemas ,por internet nunca mas","['satisfacci√≥n general', 'otros']"
2616,"poner mas  cajeras ,mucha  espera",['falta de personal']
963,"precio , calidad y facilidad para hacer la compra","['precios y ofertas', 'variedad de productos y talla']"
675,"que cuando se pide activacion de tarjeta ,lo solucionen en la tienda y no tener que esperar una llamada que nunca llega para poder usar la tarjeta.",['no corresponde al negocio']
2251,en ocasiones hay buenas ofertas ,['precios y ofertas']
309,me gusta su variedad y su precio ofertas ,"['precios y ofertas', 'variedad de productos y talla']"
1980,"la atencion, los precios, variedad...",['satisfacci√≥n general']
1022,los precios son bueno y hay ropa linda y sobre todo tallas extra linda ,"['variedad de productos y talla', 'precios y ofertas']"
1280,hay ofertas muy buenas y cajeras muy agradables ,"['precios y ofertas', 'atenci√≥n y amabilidad del vendedor']"
547,hay variedad de prendas de vestir y para todo tipo de gusto y edad,['variedad de productos y talla']
644,"los precios son economicos , es de facil acceso a la tienda",['precios y ofertas']
1582,porque es una buena empresa,['satisfacci√≥n general']
1310,tiene buenos productos a muy buen precio y calidad ,"['precios y ofertas', 'variedad de productos y talla']"
103,atencion y facilidad para adquirir avances en efectivo,"['atenci√≥n y amabilidad del vendedor', 'no corresponde al negocio']"
325,me gusta la tienda.. eso si falta variedad mas en productos.. y siempre ordenado y limpio.. ,"['variedad de productos y talla', 'orden y limpieza']"
351,se encuentran siempre ofertas convenientes y entrega puntual ,['precios y ofertas']
2033,siempre encuentro lo qe busco,['orden y limpieza']
333,"marcas , y buenos descuentos con la tarjeta ",['variedad de productos y talla']
679,posee variedades de productos y buenas ofertas ,"['precios y ofertas', 'variedad de productos y talla']"
106,"en primer lugar la forma de pago ,las ofertas y calidad ","['variedad de productos y talla', 'precios y ofertas']"
2074,siempre encuentro lo que necesito,['satisfacci√≥n general']
34,las ofertas y las vendedoras son amable con la cliente y se agradece s su hospitalidad .,['atenci√≥n y amabilidad del vendedor']
1332,es bonito y barato ,"['precios y ofertas', 'variedad de productos y talla']"
733,buenas ofertas y buena atencion,"['atenci√≥n y amabilidad del vendedor', 'precios y ofertas']"
895,precios y tallas accesibles para todo tipo de estereotipo y presupuesto ,"['variedad de productos y talla', 'precios y ofertas']"
789,por su atencion y gentileza y por su atencion personaliza del personal de su tienda en punta arenas chile ,['atenci√≥n y amabilidad del vendedor']
1327,todo en excelencia lindo barato y buenas descuentos ,"['precios y ofertas', 'variedad de productos y talla']"
584,me atendieron cordialmente y sin demora ,['atenci√≥n y amabilidad del vendedor']
191,encuentro ropa de todas las tallas lindas y buen precio,"['precios y ofertas', 'variedad de productos y talla']"
2246,excelentes üëå ofertas precios ‚úÖÔ∏è  bajos ,['precios y ofertas']
315,buenos precios y productos ,"['precios y ofertas', 'variedad de productos y talla']"
596,la variedad de productos y su calidad ,"['variedad de productos y talla', 'precios y ofertas']"
674,"la mantencion de la tarjeta es muy alta, al final uno se aburre del abuso",['no corresponde al negocio']
643,"buenas marcas, ofertas y precios recomendables","['precios y ofertas', 'variedad de productos y talla']"
1868,buenos precios buenos productos ,['precios y ofertas']
750,tube  un  muy  buenca  atencion   el  personal  es  amable   al  menos   en  la  tienda  del  mall  plaza  sur,['atenci√≥n y amabilidad del vendedor']
1031,muy buen ofertas y buena atencion,"['atenci√≥n y amabilidad del vendedor', 'precios y ofertas']"
1059,una tienda con muy buenas ofertas..muchas variedades de productos etc,"['variedad de productos y talla', 'precios y ofertas']"
148,"me encanta la ropa, aprovecho ofertas ,cupones y todo","['precios y ofertas', 'variedad de productos y talla']"
1156,tiene buenos productos y variedad,['variedad de productos y talla']
1874,siempre tienen buenas ofertas,['precios y ofertas']
1071,variedad y precios convenientes,"['variedad de productos y talla', 'precios y ofertas']"
914,la variedad y ofertas ,"['variedad de productos y talla', 'precios y ofertas']"
1034,"es una super tienda, donde encuentras todo lo que necesites y a precios muy convenientes.","['satisfacci√≥n general', 'precios y ofertas', 'variedad de productos y talla']"
1954,hay cosas muy lindas,['variedad de productos y talla']
456,los precios y la buena disposicion de la vendedora,"['atenci√≥n y amabilidad del vendedor', 'precios y ofertas']"
658,precios accesibles y buena calidad de los productos. buenas ofertas y modelos con estilo.,"['satisfacci√≥n general', 'precios y ofertas', 'variedad de productos y talla']"
951,precios bajos y muy buena calidad y variedad ,"['variedad de productos y talla', 'precios y ofertas']"
1050,me gusta la ropa y los descuentos que hacen con la tarjeta muchas gracias ü•∞,"['satisfacci√≥n general', 'variedad de productos y talla']"
281,"una empresa üíØ recomendado..por sus promociones, descuentos,etc..yo como cliente muy conforme... gracias ",['precios y ofertas']
910,hay variedad de productos y buenas ofertas,"['variedad de productos y talla', 'precios y ofertas']"
1007,hay productos buenos y a precios para el bolsillo,['precios y ofertas']
49,tienes muchas ofertas y variedades de producto ,"['precios y ofertas', 'variedad de productos y talla']"
716,por la buena atencion y disponibilidad de los vendedores.,['atenci√≥n y amabilidad del vendedor']
2024,la gente para atender amable,['atenci√≥n y amabilidad del vendedor']
340,"mayor cantidad de cajeras, las espera para pagar es muy larga, y el servicio muy lento",['falta de personal']
1841,atencion al cliente en cajas,['atenci√≥n y amabilidad del vendedor']
528,"las zo

ofertas son exelentes la atencion es buena","['precios y ofertas', 'atenci√≥n y amabilidad del vendedor']"
1003,"deberian poner mas de esas maquinitas para consultar precios, para no tener que dirigirse a caja para las mismas.",['falta de personal']
1030,"encontre variedad en productos, que buscaba y a buen precio.","['variedad de productos y talla', 'precios y ofertas']"
562,buen trato y precios,"['atenci√≥n y amabilidad del vendedor', 'precios y ofertas']"
922,precios accesibles y gran variedad de productos ,"['variedad de productos y talla', 'precios y ofertas']"
853,muy buenos productos!!! sobre todo tommy hilfiger... casi nadie trae,"['variedad de productos y talla', 'precios y ofertas']"
208,"buenas ofeftas, buena atdncion de sus vendedores y buena calidad de sus  productos. ","['variedad de productos y talla', 'precios y ofertas']"
2512,por que tiene productos de buena calidad ,['variedad de productos y talla']
973,muy buenos precios y ofertas,['precios y ofertas']
578,"  buenos descuento y muy buenas explicaciones
",['precios y ofertas']
1142,"surtido, espacio y buenos precios","['variedad de productos y talla', 'precios y ofertas']"
665,posee variedades de productos y buenas ofertas,"['precios y ofertas', 'variedad de productos y talla']"
261,porque encuentro buenas ofertas y ropa de mi talla (soy gordita),"['variedad de productos y talla', 'precios y ofertas']"
260,mas variedad de marcas y promociones,"['variedad de productos y talla', 'precios y ofertas']"
709,"soy clienta antigua. los productos son de buena calidad,la atencion excelente, es como estar en familia.","['atenci√≥n y amabilidad del vendedor', 'variedad de productos y talla']"
241,"buenis previos, buena calidad de las prendas y mucho surtido o modelos","['variedad de productos y talla', 'precios y ofertas']"
2613,mas personal en las cajas,['falta de personal']
649,sus  precios  son  comodos   y  tallas  variadas,"['precios y ofertas', 'variedad de productos y talla']"
1342,hay buenas ofertas ya sea en ropa o calzado,"['variedad de productos y talla', 'precios y ofertas']"
2402,buenas ofertas con tarjeta la polar,['no corresponde al negocio']
2622,no pude conprar por internet,['no corresponde al negocio']
1344,bueno me gusta mucho la ropa de la polar porque es de buena calidad y hay muchas ofertas,"['variedad de productos y talla', 'precios y ofertas']"
818,"sus variedades 
ofertas y facilidades de pago
su atencion al publico","['variedad de productos y talla', 'precios y ofertas', 'atenci√≥n y amabilidad del vendedor']"
809,excelentes productos y muy buenas ofertas ,"['precios y ofertas', 'variedad de productos y talla']"
2062,el surtido de productos en general,['variedad de productos y talla']
2063,rapida atencion. buenas ofertas.,['atenci√≥n y amabilidad del vendedor']
1385,"me han atendido bien
",['satisfacci√≥n general']
931,mucha variedad y muy gentil la gente,"['variedad de productos y talla', 'atenci√≥n y amabilidad del vendedor']"
2496,no utilice compra online,['no corresponde al negocio']
248,"barato, ropa de calidad y mucha variedad","['variedad de productos y talla', 'precios y ofertas']"
237,es central y tiene gran variedad de productos,['variedad de productos y talla']
640,buenos precios y variedad de productos ,"['variedad de productos y talla', 'precios y ofertas']"
870,siempre que e ido a la polar e sido muy bien atendidos ,['atenci√≥n y amabilidad del vendedor']
1375,es una buena tienda,['satisfacci√≥n general']
2473,por los precios de oferta ,['precios y ofertas']
1805,"cambiar la cajera, pesima atencion en perfumeria",['atenci√≥n y amabilidad del vendedor']
2520,esta cerca de mi casa,['otros']
1329,me encanta la moda la polar...cada vez que voy a pagar una letra tengo que comprar algo por eso estoy tan encalillada üò∞üò≠üòÑ,"['satisfacci√≥n general', 'variedad de productos y talla']"
972,buenas prendas y ofertas,"['precios y ofertas', 'variedad de productos y talla']"
1612,"no compre online, compre presencial",['otros']
896,"yo soy una persona de talla grande y en sus tiendas es donde encuentro todo lo que necesito en su momento, y las ofertas que manejan son muy apropiada para mi bolsillo ","['variedad de productos y talla', 'precios y ofertas']"
850,"accesibilidad, precios orden y limpieza ","['orden y limpieza', 'precios y ofertas']"
2510,muy facil buscar en la tienda,['orden y limpieza']
254,buenas ofertas y buena calidad de la ropa.,"['variedad de productos y talla', 'precios y ofertas']"
1353,muy lindo y conveniente ,['variedad de productos y talla']
912,bueno me gustaba mas la tienda antes por la variedad de marcas y sobre todo sobre los zapatos que tenian por las marcas de zapatos ahora no tienen eso pero ahora las ofertas siempre an sido buenas en ropa igual an desaparecido marcas que vendian antes pero igual uno busca y encuentra lo que quiere gracias ,['variedad de productos y talla']
1958,la atencion del personal,['atenci√≥n y amabilidad del vendedor']
2713,hay una variedad de ofertas ,['variedad de productos y talla']
1279,uno encuentra lo que busca y el precio es claro ,"['precios y ofertas', 'variedad de productos y talla']"
2240,muy mala experiencia de compra ,['descontento general']
968,mejorar el tiempo de entrega e informar a cerca del producto no es posible que vendan algo sin stock ,"['descontento general', 'despacho y retiro']"
1215,"amabilidad en la atencion, buen surtido de productos buenos precios","['atenci√≥n y amabilidad del vendedor', 'precios y ofertas', 'variedad de productos y talla']"
503,"en ocasiones  tiene buenas  ofertas,  lo malo es el alto costo del reparto a domicilio. ","['despacho y retiro', 'precios y ofertas']"
359,las ofertas que ofrecen sobre todo a los que tenemos tarjetas,['precios y ofertas']
186,la polar de florida tiene muy buenas promociones y tiene variedad de productos ,"['variedad de productos y talla', 'precios y ofertas']"
593,"tienen buena ropa  y ofertas
","['variedad de productos y talla', 'precios y ofertas']"
590,variedad de ropa y buenos precios,"['variedad de productos y talla', 'precios y ofertas']"
1825,muy buena la atencion,['atenci√≥n y amabilidad del vendedor']
1201,"las ofertas , la atencion del personal de la tienda ","['atenci√≥n y amabilidad del vendedor', 'precios y ofertas']"
1433,me encanta su variedad de modelos ,['variedad de productos y talla']
276,por que lo que busco lo encuentro y de muy buena calidad,['variedad de productos y talla']
897,hay mucha variedad de productos y variadas ofertas,"['variedad de productos y talla', 'precios y ofertas']"
1314,encuentras lo que buscas y a buen precio,"['precios y ofertas', 'variedad de productos y talla']"
707,buenos precios y atencion,['atenci√≥n y amabilidad del vendedor']
1270,buen servicio y tiene todo lo que uno necesita con muy buenas ofertas ,"['precios y ofertas', 'atenci√≥n y amabilidad del vendedor']"
582,tienen variedad y beneficios al pagar con tarjeta la polar. ,"['precios y ofertas', 'variedad de productos y talla']"
2211,buena la calidad de la ropa ,['variedad de productos y talla']
2727,"buenos precios, prendas de ropa bonitas.",['variedad de productos y talla']
269,hay siempre ofertas y al alcance de cualquiera.,['precios y ofertas']
252,encuentro ropa de mi talla xl bonita a precio justo ,"['variedad de productos y talla', 'precios y ofertas']"
308,buenos productos y a buen precio,"['precios y ofertas', 'variedad de productos y talla']"
255,me encantan las cosas de buena marca y lo mejor sus precios lo mejor para cancelar en comodas cuotas.y todas atienden muy bien en cajas amables.,"['precios y ofertas', 'variedad de productos y talla', 'atenci√≥n y amabilidad del vendedor']"
1546,porque siempre encuentro lo que busco,['satisfacci√≥n general']
703,que te tiene buenas ofertas y te atienden bien ,"['precios y ofertas', 'atenci√≥n y amabilidad del vendedor']"
505,buenos precios y excelente calidad del producto ,"['precios y ofertas', 'variedad de productos y talla']"
240,porque es barato aunque no todas la ropa es de buena calidad  ,"['variedad de productos y talla', 'precios y ofertas']"
278,buenos precios pero poca variedad de marcas en vestuario ,"['variedad de productos y talla', 'precios y ofertas']"
27,la mantencion de la tarjeta no puede ser que nos roben 7000 y tanto en pura mantencion eso es un robo ,['no corresponde al negocio']
2716,arta variedad de productos ,['variedad de productos y talla']
1857,porque se encuentra de todo,['variedad de productos y talla']
1159,buenos precios y muy espedita la atencion ademas cerca de domicilio buenas marcas,"['atenci√≥n y amabilidad del vendedor', 'precios y ofertas']"
695,"los precios y ofertas. 
falta orden en l tienda ","['precios y ofertas', 'orden y limpieza']"
1817,nunca lo voy a hacer,['otros']
1729,la gente que trabaja en las cajas,['atenci√≥n y amabilidad del vendedor']
188,"en el orden....toda la ropa amontonada,no se podia ver  .parecia que vendian por fardos",['orden y limpieza']
1348,"tienen buenas ofertas en sus tiendas, y variedad de productos, y la tarjeta la puedo usar en muchos lugares","['variedad de productos y talla', 'precios y ofertas']"
1511,buena tienda con buenos productos ,['satisfacci√≥n general']
211,buenos productos y buenas ofertas,"['precios y ofertas', 'variedad de productos y talla']"
1284,la gente que trabaja en san antonio  ..siempre siempre  atiende de mala forma.... es cono si me estuvieran  haciendo un favor... y casi nunca  hay gente ....  para  ayudar......,"['atenci√≥n y amabilidad del vendedor', 'falta de personal']"
1190,la atencion y las ofertas,"['atenci√≥n y amabilidad del vendedor', 'precios y ofertas']"
702,precios buenos y burna atencion,"['atenci√≥n y amabilidad del vendedor', 'precios y ofertas']"
348,buenos descuentos y ofertas,['precios y ofertas']
2491,es.muy buena la tienda,['satisfacci√≥n general']
2479,no he hecho ninguna compra en la polar ,['no aplica']
119,porque no he tenido problemas para devolucion o cambios . y buena atencion.,['atenci√≥n y amabilidad del vendedor']
1064,buenos productos y atencion,"['atenci√≥n y amabilidad del vendedor', 'variedad de productos y talla']"
118,buena la atension.tienen de todo y hay algunas cosas mas en oferta quie en otros lados üëç,"['precios y ofertas', 'atenci√≥n y amabilidad del vendedor']"
2628,"ordenado, buenas ofertas,varias cajas ",['orden y limpieza']
356,buenas ofertas y ropa atractiva. ,"['precios y ofertas', 'variedad de productos y talla']"
1298,es buena tienda con diversidad de articulos yo recien saque eata tarjeta asi que ojala no.me.defrauden como tienda ,['no corresponde al negocio']
1638,no pude comprar pk nadie sabe ,['atenci√≥n y amabilidad del vendedor']
2404,buena oferta al pagar con la tarjeta,['no corresponde al negocio']
1040,marcas buenas y se pueden comprar,"['satisfacci√≥n general', 'variedad de productos y talla']"
1155,me gusta la ropa y calzados que venden‚Ä¶ solo que los precios un poco mas caros que otras tiendas ,"['variedad de productos y talla', 'precios y ofertas']"
1232,muy buen atencion y mejores precios üëçüèº,"['atenci√≥n y amabilidad del vendedor', 'precios y ofertas']"
394,"precios   acequibles    ,  la  vendedora  fue   muy eficiente ,  amable  ","['atenci√≥n y amabilidad del vendedor', 'precios y ofertas']"
130,hay variedad de productos y ofertas,"['variedad de productos y talla', 'precios y ofertas']"
161,los cobros de la tarjeta son muchos y altos ,['no corresponde al negocio']
911,variedad de ropa y de todo a precios que podemos pagr,"['variedad de productos y talla', 'precios y ofertas']"
1524,todo bien solo aumentar cupo,['no corresponde al negocio']
1366,que los vendedores a tiendas con bn,['atenci√≥n y amabilidad del vendedor']
1924,poca variedad de juguetes en tienda ,['variedad de productos y talla']
2305,muy buen trato del personal,['atenci√≥n y amabilidad del vendedor']
388,por la amabilidad de los vendedores y por encontrar siempre los productos que uno busca,"['atenci√≥n y amabilidad del vendedor', 'variedad de productos y talla']"
1416,"excelente atencion, buenos precios",['atenci√≥n y amabilidad del vendedor']
50,variedad en productos y precios y ofertas,"['variedad de productos y talla', 'precios y ofertas']"
867,bueno.las cosas ke he comprado son de buena calidad y el precio es accesible a cualquier bolsillo.,"['precios y ofertas', 'variedad de productos y talla']"
1660,tiene barreda de promociones ,['precios y ofertas']
936,lo unico que me falta que me canbien la tarjeta a bisa ,['no corresponde al negocio']
1080,"creo que la ropa es de buena calidad, me queda muy bien y tiene buenas ofertas.","['precios y ofertas', 'variedad de productos y talla']"
1271,que tiene buenos precios y grandes ofertas ,['precios y ofertas']
916,muy buenas ofertas y variedad,"['variedad de productos y talla', 'precios y ofertas']"
466,buenos precios y en general buena atencion,"['atenci√≥n y amabilidad del vendedor', 'precios y ofertas']"
1126,es buena tienda y precios ,"['satisfacci√≥n general', 'precios y ofertas']"
2171,buena atencion buenas ofertas,['atenci√≥n y amabilidad del vendedor']
2405,que medieran mas cupo en mi cuenta,['no corresponde al negocio']
2603,por sus buenas ofertas,['precios y ofertas']
1343,grande y variado de precio y eso se agradece ,"['variedad de productos y talla', 'precios y ofertas']"
56,"me encanta todo lo que venden y me gustan los precios y ofertas, muchas gracias ",['precios y ofertas']
901,amplio surtido y precios razonables ,"['variedad de productos y talla', 'precios y ofertas']"
943,"rapida entrega de los productos, lo unico que recomendaria seria tener mas personal de atencion para que la entrega fuera mas fluida","['atenci√≥n y amabilidad del vendedor', 'despacho y retiro']"
985,"tienen variedad de productos, buenos precios y calidad
","['variedad de productos y talla', 'precios y ofertas']"
256,hay buenas ofertas y variedad de productos,"['variedad de productos y talla', 'precios y ofertas']"
2380,las ofertas que hay en este momento,['no corresponde al negocio']
2015,"expedito, siempre encuentro lo que. busco",['satisfacci√≥n general']
1694,son amables atienden bien,['atenci√≥n y amabilidad del vendedor']
497,variedad y buenos precios,"['variedad de productos y talla', 'precios y ofertas']"
2386,por sus ofertas lejos lo mejor ,['precios y ofertas']
74,valor del despacho muy alto pague casi 10000 por una compra de 40000 ,"['despacho y retiro', 'precios y ofertas']"
917,"variedad de productos, buenos precios y ofertas ","['variedad de productos y talla', 'precios y ofertas']"
1161,"precios, variedad y buen trato.","['variedad de productos y talla', 'precios y ofertas', 'atenci√≥n y amabilidad del vendedor']"
